INSERT INTO clientes (id_cliente, nombre, apellido, direccion, ciudad, email, telefono) VALUES
(1, 'Juan', 'Pérez', 'Av. Corrientes 1234', 'Buenos Aires', 'juan.perez@example.com', '1512345678'),
(2, 'María', 'Gómez', 'Calle Mendoza 4567', 'Córdoba', 'maria.gomez@example.com', '1512345679'),
(3, 'Luis', 'López', 'Paseo del Parque 7890', 'Rosario', 'luis.lopez@example.com', '1512345680'),
(4, 'Ana', 'Martínez', 'Av. Libertador 1011', 'La Plata', 'ana.martinez@example.com', '1512345681'),
(5, 'Carlos', 'Fernández', 'Calle San Martín 2022', 'Mendoza', 'carlos.fernandez@example.com', '1512345682'),
(6, 'Sofía', 'Ramírez', 'Calle Tucumán 3033', 'Salta', 'sofia.ramirez@example.com', '1512345683'),
(7, 'David', 'Torres', 'Av. San Juan 4044', 'San Juan', 'david.torres@example.com', '1512345684'),
(8, 'Laura', 'Sánchez', 'Calle 9 de Julio 5055', 'Neuquén', 'laura.sanchez@example.com', '1512345685'),
(9, 'Javier', 'Morales', 'Calle Libertad 6066', 'San Luis', 'javier.morales@example.com', '1512345686'),
(10, 'Patricia', 'Hernández', 'Av. de Mayo 7077', 'San Fernando', 'patricia.hernandez@example.com', '1512345687'),
(11, 'Diego', 'Díaz', 'Calle Rivadavia 8088', 'Tucumán', 'diego.diaz@example.com', '1512345688'),
(12, 'Claudia', 'Vásquez', 'Calle Catamarca 9099', 'Catamarca', 'claudia.vasquez@example.com', '1512345689'),
(13, 'Fernando', 'Rojas', 'Calle Santiago del Estero 1010', 'Santiago del Estero', 'fernando.rojas@example.com', '1512345690'),
(14, 'Gabriela', 'Mendoza', 'Calle Chaco 1111', 'Chaco', 'gabriela.mendoza@example.com', '1512345691'),
(15, 'Oscar', 'Salas', 'Calle Entre Ríos 1212', 'Entre Ríos', 'oscar.salas@example.com', '1512345692'),
(16, 'Rosa', 'Cáceres', 'Av. Santa Fe 1313', 'Santa Fe', 'rosa.caceres@example.com', '1512345693'),
(17, 'Pedro', 'Paniagua', 'Calle Jujuy 1414', 'Jujuy', 'pedro.paniagua@example.com', '1512345694'),
(18, 'Elena', 'Zapata', 'Av. Salta 1515', 'Salta', 'elena.zapata@example.com', '1512345695'),
(19, 'Ricardo', 'Navarro', 'Calle La Rioja 1616', 'La Rioja', 'ricardo.navarro@example.com', '1512345696'),
(20, 'Isabel', 'Vega', 'Calle Río Negro 1717', 'Río Negro', 'isabel.vega@example.com', '1512345697'),
(21, 'Santiago', 'Ortiz', 'Calle Formosa 1818', 'Formosa', 'santiago.ortiz@example.com', '1512345698'),
(22, 'Verónica', 'Cardenas', 'Calle Misiones 1919', 'Misiones', 'veronica.cardenas@example.com', '1512345699'),
(23, 'Hugo', 'Castillo', 'Calle Tucumán 2020', 'Tucumán', 'hugo.castillo@example.com', '1512345700'),
(24, 'Paola', 'Salinas', 'Av. Mendoza 2121', 'Mendoza', 'paola.salinas@example.com', '1512345701'),
(25, 'Alberto', 'González', 'Calle Corrientes 2222', 'Corrientes', 'alberto.gonzalez@example.com', '1512345702'),
(26, 'Cecilia', 'Fuentes', 'Calle Catamarca 2323', 'Catamarca', 'cecilia.fuentes@example.com', '1512345703'),
(27, 'Manuel', 'Aguirre', 'Calle Entre Ríos 2424', 'Entre Ríos', 'manuel.aguirre@example.com', '1512345704'),
(28, 'Natalia', 'Bravo', 'Calle Santa Cruz 2525', 'Santa Cruz', 'natalia.bravo@example.com', '1512345705'),
(29, 'Arturo', 'Salcedo', 'Calle La Pampa 2626', 'La Pampa', 'arturo.salcedo@example.com', '1512345706'),
(30, 'Lucía', 'Ríos', 'Calle San Luis 2727', 'San Luis', 'lucia.rios@example.com', '1512345707'),
(31, 'Gustavo', 'Palacios', 'Calle Formosa 2828', 'Formosa', 'gustavo.palacios@example.com', '1512345708'),
(32, 'Bárbara', 'Pérez', 'Calle Neuquén 2929', 'Neuquén', 'barbara.perez@example.com', '1512345709'),
(33, 'Nicolás', 'Cortez', 'Calle San Juan 3030', 'San Juan', 'nicolas.cortez@example.com', '1512345710'),
(34, 'Valeria', 'Maldonado', 'Calle Chaco 3131', 'Chaco', 'valeria.maldonado@example.com', '1512345711'),
(35, 'Emilio', 'Paz', 'Calle Santa Fe 3232', 'Santa Fe', 'emilio.paz@example.com', '1512345712'),
(36, 'Patricio', 'Galarza', 'Calle Río Negro 3333', 'Río Negro', 'patricio.galarza@example.com', '1512345713'),
(37, 'Adriana', 'Cruz', 'Calle La Rioja 3434', 'La Rioja', 'adriana.cruz@example.com', '1512345714'),
(38, 'Felipe', 'Ceballos', 'Calle Córdoba 3535', 'Córdoba', 'felipe.ceballos@example.com', '1512345715'),
(39, 'Verónica', 'Soto', 'Calle Buenos Aires 3636', 'Buenos Aires', 'veronica.soto@example.com', '1512345716'),
(40, 'Rafael', 'Moreno', 'Calle Mendoza 3737', 'Mendoza', 'rafael.moreno@example.com', '1512345717'),
(41, 'Andrea', 'Reyes', 'Calle Salta 3838', 'Salta', 'andrea.reyes@example.com', '1512345718'),
(42, 'Jorge', 'Riviera', 'Calle Jujuy 3939', 'Jujuy', 'jorge.riviera@example.com', '1512345719'),
(43, 'Silvia', 'Blanco', 'Calle San Luis 4040', 'San Luis', 'silvia.blanco@example.com', '1512345720'),
(44, 'Martín', 'Escobar', 'Calle Misiones 4141', 'Misiones', 'martin.escobar@example.com', '1512345721'),
(45, 'Fernanda', 'Vazquez', 'Calle San Juan 4242', 'San Juan', 'fernanda.vazquez@example.com', '1512345722'),
(46, 'Rodolfo', 'Caminero', 'Calle Río Negro 4343', 'Río Negro', 'rodolfo.caminero@example.com', '1512345723'),
(47, 'Carmen', 'Bermúdez', 'Calle Tucumán 4444', 'Tucumán', 'carmen.bermudez@example.com', '1512345724'),
(48, 'Ramón', 'Valdes', 'Calle Corrientes 4545', 'Corrientes', 'ramon.valdes@example.com', '1512345725'),
(49, 'Miranda', 'Galindo', 'Calle Chaco 4646', 'Chaco', 'miranda.galindo@example.com', '1512345726'),
(50, 'Salvador', 'López', 'Calle La Pampa 4747', 'La Pampa', 'salvador.lopez@example.com', '1512345727');


INSERT INTO productos (id_producto, nombre, codigo_ref, precio) VALUES
(1, 'Leggings', 'LEG001', 1500),
(2, 'Camiseta de manga corta', 'CAM002', 800),
(3, 'Blusa sin mangas', 'BLU003', 1200),
(4, 'Shorts de denim', 'SHO004', 1000),
(5, 'Vestido de verano', 'VES005', 2500),
(6, 'Falda larga', 'FAL006', 1800),
(7, 'Chaqueta de mezclilla', 'CHA007', 2200),
(8, 'Suéter ligero', 'SUE008', 1900),
(9, 'Pantalones palazzo', 'PAN009', 2000),
(10, 'Top de encaje', 'TOP010', 1300),
(11, 'Camisa de seda', 'CAM011', 2400),
(12, 'Camiseta básica', 'CAM012', 700),
(13, 'Shorts deportivos', 'SHO013', 900),
(14, 'Pantalones jogger', 'PAN014', 1600),
(15, 'Mono corto', 'MON015', 2100),
(16, 'Falda corta', 'FAL016', 1500),
(17, 'Abrigo de lana', 'ABI017', 3000),
(18, 'Vestido de noche', 'VES018', 3500),
(19, 'T-shirt estampada', 'TST019', 950),
(20, 'Cardigan', 'CAR020', 1800),
(21, 'Pantalones de tiro alto', 'PAN021', 2000),
(22, 'Culottes', 'CUL022', 1700),
(23, 'Blusa de gasa', 'BLU023', 1600),
(24, 'Shorts de lino', 'SHO024', 1300),
(25, 'Top deportivo', 'TOP025', 900),
(26, 'Chaleco de punto', 'CHA026', 1400),
(27, 'Vestido midi', 'VES027', 2800),
(28, 'Pantalones de cuero', 'PAN028', 3200),
(29, 'Camiseta de tirantes', 'CAM029', 850),
(30, 'Chaqueta de cuero', 'CHA030', 3500);


INSERT INTO pedidos (id_pedido, fecha, cliente_id) VALUES
(1, '2024-01-15', 10),
(2, '2024-01-16', 3),
(3, '2024-01-17', 25),
(4, '2024-01-18', 7),
(5, '2024-01-19', 14),
(6, '2024-01-20', 21),
(7, '2024-01-21', 6),
(8, '2024-01-22', 18),
(9, '2024-01-23', 11),
(10, '2024-01-24', 19),
(11, '2024-01-25', 1),
(12, '2024-01-26', 30),
(13, '2024-01-27', 4),
(14, '2024-01-28', 16),
(15, '2024-01-29', 23),
(16, '2024-01-30', 8),
(17, '2024-01-31', 15),
(18, '2024-02-01', 12),
(19, '2024-02-02', 5),
(20, '2024-02-03', 20),
(21, '2024-02-04', 9),
(22, '2024-02-05', 2),
(23, '2024-02-06', 26),
(24, '2024-02-07', 13),
(25, '2024-02-08', 29);


INSERT INTO detalles (id_detalle, pedido_id, producto_id, cantidad) VALUES
(1, 1, 5, 2),
(2, 1, 12, 1),
(3, 2, 3, 1),
(4, 2, 22, 3),
(5, 3, 10, 2),
(6, 3, 15, 1),
(7, 4, 7, 4),
(8, 5, 18, 1),
(9, 5, 30, 2),
(10, 6, 1, 1),
(11, 7, 20, 3),
(12, 8, 2, 2),
(13, 9, 8, 1),
(14, 10, 21, 2),
(15, 11, 9, 1),
(16, 12, 14, 2),
(17, 13, 19, 1),
(18, 14, 26, 2),
(19, 15, 4, 1),
(20, 16, 28, 3),
(21, 17, 6, 2),
(22, 18, 25, 1),
(23, 19, 17, 2),
(24, 20, 11, 1),
(25, 21, 13, 4);
